[
{
  "fields": {
    "model": "permission",
    "name": "permission",
    "app_label": "auth"
  },
  "model": "contenttypes.contenttype",
  "pk": 1
},
{
  "fields": {
    "model": "group",
    "name": "group",
    "app_label": "auth"
  },
  "model": "contenttypes.contenttype",
  "pk": 2
},
{
  "fields": {
    "model": "user",
    "name": "user",
    "app_label": "auth"
  },
  "model": "contenttypes.contenttype",
  "pk": 3
},
{
  "fields": {
    "model": "contenttype",
    "name": "content type",
    "app_label": "contenttypes"
  },
  "model": "contenttypes.contenttype",
  "pk": 4
},
{
  "fields": {
    "model": "session",
    "name": "session",
    "app_label": "sessions"
  },
  "model": "contenttypes.contenttype",
  "pk": 5
},
{
  "fields": {
    "model": "serviceaction",
    "name": "service action",
    "app_label": "abuse"
  },
  "model": "contenttypes.contenttype",
  "pk": 6
},
{
  "fields": {
    "model": "serviceactionjob",
    "name": "service action job",
    "app_label": "abuse"
  },
  "model": "contenttypes.contenttype",
  "pk": 7
},
{
  "fields": {
    "model": "category",
    "name": "category",
    "app_label": "abuse"
  },
  "model": "contenttypes.contenttype",
  "pk": 8
},
{
  "fields": {
    "model": "apiroute",
    "name": "api route",
    "app_label": "abuse"
  },
  "model": "contenttypes.contenttype",
  "pk": 9
},
{
  "fields": {
    "model": "role",
    "name": "role",
    "app_label": "abuse"
  },
  "model": "contenttypes.contenttype",
  "pk": 10
},
{
  "fields": {
    "model": "operator",
    "name": "operator",
    "app_label": "abuse"
  },
  "model": "contenttypes.contenttype",
  "pk": 11
},
{
  "fields": {
    "model": "tag",
    "name": "tag",
    "app_label": "abuse"
  },
  "model": "contenttypes.contenttype",
  "pk": 12
},
{
  "fields": {
    "model": "emailfilter",
    "name": "email filter",
    "app_label": "abuse"
  },
  "model": "contenttypes.contenttype",
  "pk": 13
},
{
  "fields": {
    "model": "emailfiltertag",
    "name": "email filter tag",
    "app_label": "abuse"
  },
  "model": "contenttypes.contenttype",
  "pk": 14
},
{
  "fields": {
    "model": "defendantrevision",
    "name": "defendant revision",
    "app_label": "abuse"
  },
  "model": "contenttypes.contenttype",
  "pk": 15
},
{
  "fields": {
    "model": "defendant",
    "name": "defendant",
    "app_label": "abuse"
  },
  "model": "contenttypes.contenttype",
  "pk": 16
},
{
  "fields": {
    "model": "defendanthistory",
    "name": "defendant history",
    "app_label": "abuse"
  },
  "model": "contenttypes.contenttype",
  "pk": 17
},
{
  "fields": {
    "model": "plaintiff",
    "name": "plaintiff",
    "app_label": "abuse"
  },
  "model": "contenttypes.contenttype",
  "pk": 18
},
{
  "fields": {
    "model": "service",
    "name": "service",
    "app_label": "abuse"
  },
  "model": "contenttypes.contenttype",
  "pk": 19
},
{
  "fields": {
    "model": "resolution",
    "name": "resolution",
    "app_label": "abuse"
  },
  "model": "contenttypes.contenttype",
  "pk": 20
},
{
  "fields": {
    "model": "attacheddocument",
    "name": "attached document",
    "app_label": "abuse"
  },
  "model": "contenttypes.contenttype",
  "pk": 21
},
{
  "fields": {
    "model": "ticket",
    "name": "ticket",
    "app_label": "abuse"
  },
  "model": "contenttypes.contenttype",
  "pk": 22
},
{
  "fields": {
    "model": "provider",
    "name": "provider",
    "app_label": "abuse"
  },
  "model": "contenttypes.contenttype",
  "pk": 23
},
{
  "fields": {
    "model": "report",
    "name": "report",
    "app_label": "abuse"
  },
  "model": "contenttypes.contenttype",
  "pk": 24
},
{
  "fields": {
    "model": "reportitem",
    "name": "report item",
    "app_label": "abuse"
  },
  "model": "contenttypes.contenttype",
  "pk": 25
},
{
  "fields": {
    "model": "history",
    "name": "history",
    "app_label": "abuse"
  },
  "model": "contenttypes.contenttype",
  "pk": 26
},
{
  "fields": {
    "model": "comment",
    "name": "comment",
    "app_label": "abuse"
  },
  "model": "contenttypes.contenttype",
  "pk": 27
},
{
  "fields": {
    "model": "ticketcomment",
    "name": "ticket comment",
    "app_label": "abuse"
  },
  "model": "contenttypes.contenttype",
  "pk": 28
},
{
  "fields": {
    "model": "defendantcomment",
    "name": "defendant comment",
    "app_label": "abuse"
  },
  "model": "contenttypes.contenttype",
  "pk": 29
},
{
  "fields": {
    "model": "profile",
    "name": "profile",
    "app_label": "abuse"
  },
  "model": "contenttypes.contenttype",
  "pk": 30
},
{
  "fields": {
    "model": "abusepermission",
    "name": "abuse permission",
    "app_label": "abuse"
  },
  "model": "contenttypes.contenttype",
  "pk": 31
},
{
  "fields": {
    "model": "stat",
    "name": "stat",
    "app_label": "abuse"
  },
  "model": "contenttypes.contenttype",
  "pk": 32
},
{
  "fields": {
    "model": "news",
    "name": "news",
    "app_label": "abuse"
  },
  "model": "contenttypes.contenttype",
  "pk": 33
},
{
  "fields": {
    "model": "mailtemplate",
    "name": "mail template",
    "app_label": "abuse"
  },
  "model": "contenttypes.contenttype",
  "pk": 34
},
{
  "fields": {
    "model": "proof",
    "name": "proof",
    "app_label": "abuse"
  },
  "model": "contenttypes.contenttype",
  "pk": 35
},
{
  "fields": {
    "model": "urlstatus",
    "name": "url status",
    "app_label": "abuse"
  },
  "model": "contenttypes.contenttype",
  "pk": 36
},
{
  "fields": {
    "model": "ticketactionparams",
    "name": "ticket action params",
    "app_label": "abuse"
  },
  "model": "contenttypes.contenttype",
  "pk": 37
},
{
  "fields": {
    "model": "ticketaction",
    "name": "ticket action",
    "app_label": "abuse"
  },
  "model": "contenttypes.contenttype",
  "pk": 38
},
{
  "fields": {
    "model": "ticketworkflowpresetconfig",
    "name": "ticket workflow preset config",
    "app_label": "abuse"
  },
  "model": "contenttypes.contenttype",
  "pk": 39
},
{
  "fields": {
    "model": "ticketworkflowpreset",
    "name": "ticket workflow preset",
    "app_label": "abuse"
  },
  "model": "contenttypes.contenttype",
  "pk": 40
},
{
  "fields": {
    "model": "itemscreenshotfeedback",
    "name": "item screenshot feedback",
    "app_label": "abuse"
  },
  "model": "contenttypes.contenttype",
  "pk": 41
},
{
  "fields": {
    "model": "contactedprovider",
    "name": "contacted provider",
    "app_label": "abuse"
  },
  "model": "contenttypes.contenttype",
  "pk": 42
},
{
  "fields": {
    "model": "reportthreshold",
    "name": "report threshold",
    "app_label": "abuse"
  },
  "model": "contenttypes.contenttype",
  "pk": 43
},
{
  "fields": {
    "model": "masscontact",
    "name": "mass contact",
    "app_label": "abuse"
  },
  "model": "contenttypes.contenttype",
  "pk": 44
},
{
  "fields": {
    "model": "masscontactresult",
    "name": "mass contact result",
    "app_label": "abuse"
  },
  "model": "contenttypes.contenttype",
  "pk": 45
},
{
  "fields": {
    "name": "Test",
    "module": "VPS",
    "level": "42"
  },
  "model": "abuse.serviceaction",
  "pk": 59
},
{
  "fields": {
    "description": "Copyright",
    "label": "Copyright"
  },
  "model": "abuse.category",
  "pk": "Copyright"
},
{
  "fields": {
    "description": "Illegal",
    "label": "Illegal"
  },
  "model": "abuse.category",
  "pk": "Illegal"
},
{
  "fields": {
    "description": "Intrusion",
    "label": "Intrusion"
  },
  "model": "abuse.category",
  "pk": "Intrusion"
},
{
  "fields": {
    "description": "Malware",
    "label": "Malware"
  },
  "model": "abuse.category",
  "pk": "Malware"
},
{
  "fields": {
    "description": "Network Attack",
    "label": "Network Attack"
  },
  "model": "abuse.category",
  "pk": "Network Attack"
},
{
  "fields": {
    "description": "Other",
    "label": "Other"
  },
  "model": "abuse.category",
  "pk": "Other"
},
{
  "fields": {
    "description": "Phishing",
    "label": "Phishing"
  },
  "model": "abuse.category",
  "pk": "Phishing"
},
{
  "fields": {
    "description": "Spam",
    "label": "Spam"
  },
  "model": "abuse.category",
  "pk": "Spam"
},
{
  "fields": {
    "endpoint": "reputation_views.get_url_external_reputation",
    "method": "POST"
  },
  "model": "abuse.apiroute",
  "pk": 1
},
{
  "fields": {
    "endpoint": "email_templates_views.get_recipients_type",
    "method": "GET"
  },
  "model": "abuse.apiroute",
  "pk": 2
},
{
  "fields": {
    "endpoint": "email_templates_views.get_supported_languages",
    "method": "GET"
  },
  "model": "abuse.apiroute",
  "pk": 3
},
{
  "fields": {
    "endpoint": "misc_views.get_providers_priorities",
    "method": "GET"
  },
  "model": "abuse.apiroute",
  "pk": 4
},
{
  "fields": {
    "endpoint": "misc_views.get_ticket_priorities",
    "method": "GET"
  },
  "model": "abuse.apiroute",
  "pk": 5
},
{
  "fields": {
    "endpoint": "defendant_views.get_defendant_top20",
    "method": "GET"
  },
  "model": "abuse.apiroute",
  "pk": 6
},
{
  "fields": {
    "endpoint": "preset_views.order_presets",
    "method": "PUT"
  },
  "model": "abuse.apiroute",
  "pk": 7
},
{
  "fields": {
    "endpoint": "report_views.bulk_add_reports",
    "method": "PUT"
  },
  "model": "abuse.apiroute",
  "pk": 8
},
{
  "fields": {
    "endpoint": "report_views.bulk_add_reports",
    "method": "DELETE"
  },
  "model": "abuse.apiroute",
  "pk": 9
},
{
  "fields": {
    "endpoint": "ticket_views.get_todo_tickets",
    "method": "GET"
  },
  "model": "abuse.apiroute",
  "pk": 10
},
{
  "fields": {
    "endpoint": "ticket_views.bulk_add_tickets",
    "method": "PUT"
  },
  "model": "abuse.apiroute",
  "pk": 11
},
{
  "fields": {
    "endpoint": "ticket_views.bulk_add_tickets",
    "method": "DELETE"
  },
  "model": "abuse.apiroute",
  "pk": 12
},
{
  "fields": {
    "endpoint": "threshold_views.get_all_threshold",
    "method": "GET"
  },
  "model": "abuse.apiroute",
  "pk": 13
},
{
  "fields": {
    "endpoint": "threshold_views.create_threshold",
    "method": "POST"
  },
  "model": "abuse.apiroute",
  "pk": 14
},
{
  "fields": {
    "endpoint": "misc_views.get_whois",
    "method": "GET"
  },
  "model": "abuse.apiroute",
  "pk": 15
},
{
  "fields": {
    "endpoint": "misc_views.get_url_http_headers",
    "method": "GET"
  },
  "model": "abuse.apiroute",
  "pk": 16
},
{
  "fields": {
    "endpoint": "misc_views.get_logged_user",
    "method": "GET"
  },
  "model": "abuse.apiroute",
  "pk": 17
},
{
  "fields": {
    "endpoint": "tag_views.get_tag_type",
    "method": "GET"
  },
  "model": "abuse.apiroute",
  "pk": 18
},
{
  "fields": {
    "endpoint": "email_templates_views.get_all_templates",
    "method": "GET"
  },
  "model": "abuse.apiroute",
  "pk": 19
},
{
  "fields": {
    "endpoint": "email_templates_views.create_templates",
    "method": "POST"
  },
  "model": "abuse.apiroute",
  "pk": 20
},
{
  "fields": {
    "endpoint": "category_views.get_user_categories",
    "method": "GET"
  },
  "model": "abuse.apiroute",
  "pk": 21
},
{
  "fields": {
    "endpoint": "misc_views.get_user_notifications",
    "method": "GET"
  },
  "model": "abuse.apiroute",
  "pk": 22
},
{
  "fields": {
    "endpoint": "misc_views.get_mass_contact",
    "method": "GET"
  },
  "model": "abuse.apiroute",
  "pk": 23
},
{
  "fields": {
    "endpoint": "misc_views.wrapper",
    "method": "POST"
  },
  "model": "abuse.apiroute",
  "pk": 24
},
{
  "fields": {
    "endpoint": "misc_views.get_all_ticket_resolutions",
    "method": "GET"
  },
  "model": "abuse.apiroute",
  "pk": 25
},
{
  "fields": {
    "endpoint": "misc_views.add_ticket_resolution",
    "method": "POST"
  },
  "model": "abuse.apiroute",
  "pk": 26
},
{
  "fields": {
    "endpoint": "category_views.get_all_categories",
    "method": "GET"
  },
  "model": "abuse.apiroute",
  "pk": 27
},
{
  "fields": {
    "endpoint": "category_views.create_category",
    "method": "POST"
  },
  "model": "abuse.apiroute",
  "pk": 28
},
{
  "fields": {
    "endpoint": "ticket_views.get_user_tickets",
    "method": "GET"
  },
  "model": "abuse.apiroute",
  "pk": 29
},
{
  "fields": {
    "endpoint": "misc_views.get_dashboard",
    "method": "GET"
  },
  "model": "abuse.apiroute",
  "pk": 30
},
{
  "fields": {
    "endpoint": "provider_views.get_providers",
    "method": "GET"
  },
  "model": "abuse.apiroute",
  "pk": 31
},
{
  "fields": {
    "endpoint": "provider_views.create_provider",
    "method": "POST"
  },
  "model": "abuse.apiroute",
  "pk": 32
},
{
  "fields": {
    "endpoint": "misc_views.get_profiles",
    "method": "GET"
  },
  "model": "abuse.apiroute",
  "pk": 33
},
{
  "fields": {
    "endpoint": "preset_views.get_all_presets",
    "method": "GET"
  },
  "model": "abuse.apiroute",
  "pk": 34
},
{
  "fields": {
    "endpoint": "preset_views.create_preset",
    "method": "POST"
  },
  "model": "abuse.apiroute",
  "pk": 35
},
{
  "fields": {
    "endpoint": "misc_views.monitor",
    "method": "GET"
  },
  "model": "abuse.apiroute",
  "pk": 36
},
{
  "fields": {
    "endpoint": "misc_views.get_toolbar",
    "method": "GET"
  },
  "model": "abuse.apiroute",
  "pk": 37
},
{
  "fields": {
    "endpoint": "report_views.get_all_reports",
    "method": "GET"
  },
  "model": "abuse.apiroute",
  "pk": 38
},
{
  "fields": {
    "endpoint": "ticket_views.get_tickets",
    "method": "GET"
  },
  "model": "abuse.apiroute",
  "pk": 39
},
{
  "fields": {
    "endpoint": "misc_views.logout",
    "method": "POST"
  },
  "model": "abuse.apiroute",
  "pk": 41
},
{
  "fields": {
    "endpoint": "misc_views.search",
    "method": "GET"
  },
  "model": "abuse.apiroute",
  "pk": 42
},
{
  "fields": {
    "endpoint": "misc_views.get_all_status",
    "method": "GET"
  },
  "model": "abuse.apiroute",
  "pk": 43
},
{
  "fields": {
    "endpoint": "misc_views.get_users_infos",
    "method": "GET"
  },
  "model": "abuse.apiroute",
  "pk": 44
},
{
  "fields": {
    "endpoint": "misc_views.auth",
    "method": "POST"
  },
  "model": "abuse.apiroute",
  "pk": 45
},
{
  "fields": {
    "endpoint": "misc_views.ping",
    "method": "POST"
  },
  "model": "abuse.apiroute",
  "pk": 46
},
{
  "fields": {
    "endpoint": "news_views.get_all_news",
    "method": "GET"
  },
  "model": "abuse.apiroute",
  "pk": 47
},
{
  "fields": {
    "endpoint": "news_views.create_news",
    "method": "POST"
  },
  "model": "abuse.apiroute",
  "pk": 48
},
{
  "fields": {
    "endpoint": "tag_views.get_all_tags",
    "method": "GET"
  },
  "model": "abuse.apiroute",
  "pk": 49
},
{
  "fields": {
    "endpoint": "tag_views.create_tag",
    "method": "POST"
  },
  "model": "abuse.apiroute",
  "pk": 50
},
{
  "fields": {
    "endpoint": "reputation_views.get_ip_external_detail",
    "method": "GET"
  },
  "model": "abuse.apiroute",
  "pk": 51
},
{
  "fields": {
    "endpoint": "report_views.get_item_screenshot",
    "method": "GET"
  },
  "model": "abuse.apiroute",
  "pk": 52
},
{
  "fields": {
    "endpoint": "reputation_views.get_ip_internal_reputation",
    "method": "GET"
  },
  "model": "abuse.apiroute",
  "pk": 53
},
{
  "fields": {
    "endpoint": "reputation_views.get_ip_external_reputation",
    "method": "GET"
  },
  "model": "abuse.apiroute",
  "pk": 54
},
{
  "fields": {
    "endpoint": "reputation_views.get_ip_tool",
    "method": "GET"
  },
  "model": "abuse.apiroute",
  "pk": 55
},
{
  "fields": {
    "endpoint": "reputation_views.get_ip_rbl_reputation",
    "method": "GET"
  },
  "model": "abuse.apiroute",
  "pk": 56
},
{
  "fields": {
    "endpoint": "defendant_views.update_or_delete_comment",
    "method": "PUT"
  },
  "model": "abuse.apiroute",
  "pk": 57
},
{
  "fields": {
    "endpoint": "defendant_views.update_or_delete_comment",
    "method": "DELETE"
  },
  "model": "abuse.apiroute",
  "pk": 58
},
{
  "fields": {
    "endpoint": "defendant_views.delete_defendant_tag",
    "method": "DELETE"
  },
  "model": "abuse.apiroute",
  "pk": 59
},
{
  "fields": {
    "endpoint": "provider_views.delete_provider_tag",
    "method": "DELETE"
  },
  "model": "abuse.apiroute",
  "pk": 60
},
{
  "fields": {
    "endpoint": "report_views.get_report_attachment",
    "method": "GET"
  },
  "model": "abuse.apiroute",
  "pk": 61
},
{
  "fields": {
    "endpoint": "ticket_views.get_ticket_prefetched_template",
    "method": "GET"
  },
  "model": "abuse.apiroute",
  "pk": 62
},
{
  "fields": {
    "endpoint": "ticket_views.update_or_delete_comment",
    "method": "PUT"
  },
  "model": "abuse.apiroute",
  "pk": 63
},
{
  "fields": {
    "endpoint": "ticket_views.update_or_delete_comment",
    "method": "DELETE"
  },
  "model": "abuse.apiroute",
  "pk": 64
},
{
  "fields": {
    "endpoint": "ticket_views.get_actions",
    "method": "GET"
  },
  "model": "abuse.apiroute",
  "pk": 65
},
{
  "fields": {
    "endpoint": "ticket_views.get_ticket_prefetched_preset",
    "method": "GET"
  },
  "model": "abuse.apiroute",
  "pk": 66
},
{
  "fields": {
    "endpoint": "ticket_views.update_status",
    "method": "PUT"
  },
  "model": "abuse.apiroute",
  "pk": 67
},
{
  "fields": {
    "endpoint": "report_views.get_all_items_screenshot",
    "method": "GET"
  },
  "model": "abuse.apiroute",
  "pk": 68
},
{
  "fields": {
    "endpoint": "report_views.update_report_item",
    "method": "PUT"
  },
  "model": "abuse.apiroute",
  "pk": 69
},
{
  "fields": {
    "endpoint": "report_views.update_report_item",
    "method": "DELETE"
  },
  "model": "abuse.apiroute",
  "pk": 70
},
{
  "fields": {
    "endpoint": "ticket_views.update_ticket_item",
    "method": "PUT"
  },
  "model": "abuse.apiroute",
  "pk": 71
},
{
  "fields": {
    "endpoint": "ticket_views.update_ticket_item",
    "method": "DELETE"
  },
  "model": "abuse.apiroute",
  "pk": 72
},
{
  "fields": {
    "endpoint": "ticket_views.update_ticket_proof",
    "method": "PUT"
  },
  "model": "abuse.apiroute",
  "pk": 73
},
{
  "fields": {
    "endpoint": "ticket_views.update_ticket_proof",
    "method": "DELETE"
  },
  "model": "abuse.apiroute",
  "pk": 74
},
{
  "fields": {
    "endpoint": "report_views.delete_report_tag",
    "method": "DELETE"
  },
  "model": "abuse.apiroute",
  "pk": 75
},
{
  "fields": {
    "endpoint": "ticket_views.delete_ticket_tag",
    "method": "DELETE"
  },
  "model": "abuse.apiroute",
  "pk": 76
},
{
  "fields": {
    "endpoint": "ticket_views.cancel_job",
    "method": "DELETE"
  },
  "model": "abuse.apiroute",
  "pk": 77
},
{
  "fields": {
    "endpoint": "defendant_views.add_comment",
    "method": "POST"
  },
  "model": "abuse.apiroute",
  "pk": 78
},
{
  "fields": {
    "endpoint": "defendant_views.get_defendant_services",
    "method": "GET"
  },
  "model": "abuse.apiroute",
  "pk": 79
},
{
  "fields": {
    "endpoint": "defendant_views.add_defendant_tag",
    "method": "POST"
  },
  "model": "abuse.apiroute",
  "pk": 80
},
{
  "fields": {
    "endpoint": "provider_views.add_provider_tag",
    "method": "POST"
  },
  "model": "abuse.apiroute",
  "pk": 81
},
{
  "fields": {
    "endpoint": "ticket_views.update_ticket_snooze",
    "method": "PATCH"
  },
  "model": "abuse.apiroute",
  "pk": 82
},
{
  "fields": {
    "endpoint": "ticket_views.update_ticket_pause",
    "method": "PATCH"
  },
  "model": "abuse.apiroute",
  "pk": 83
},
{
  "fields": {
    "endpoint": "report_views.get_all_report_attachments",
    "method": "GET"
  },
  "model": "abuse.apiroute",
  "pk": 84
},
{
  "fields": {
    "endpoint": "report_views.get_dehtmlified_report",
    "method": "GET"
  },
  "model": "abuse.apiroute",
  "pk": 85
},
{
  "fields": {
    "endpoint": "ticket_views.update_ticket_defendant",
    "method": "PUT"
  },
  "model": "abuse.apiroute",
  "pk": 86
},
{
  "fields": {
    "endpoint": "ticket_views.get_providers",
    "method": "GET"
  },
  "model": "abuse.apiroute",
  "pk": 87
},
{
  "fields": {
    "endpoint": "report_views.post_feedback",
    "method": "POST"
  },
  "model": "abuse.apiroute",
  "pk": 88
},
{
  "fields": {
    "endpoint": "ticket_views.interact",
    "method": "POST"
  },
  "model": "abuse.apiroute",
  "pk": 89
},
{
  "fields": {
    "endpoint": "ticket_views.add_comment",
    "method": "POST"
  },
  "model": "abuse.apiroute",
  "pk": 90
},
{
  "fields": {
    "endpoint": "ticket_views.get_mails",
    "method": "GET"
  },
  "model": "abuse.apiroute",
  "pk": 91
},
{
  "fields": {
    "endpoint": "report_views.get_report_items",
    "method": "GET"
  },
  "model": "abuse.apiroute",
  "pk": 92
},
{
  "fields": {
    "endpoint": "report_views.create_report_item",
    "method": "POST"
  },
  "model": "abuse.apiroute",
  "pk": 93
},
{
  "fields": {
    "endpoint": "ticket_views.get_ticket_items",
    "method": "GET"
  },
  "model": "abuse.apiroute",
  "pk": 94
},
{
  "fields": {
    "endpoint": "ticket_views.get_ticket_proof",
    "method": "POST"
  },
  "model": "abuse.apiroute",
  "pk": 95
},
{
  "fields": {
    "endpoint": "ticket_views.get_ticket_proof",
    "method": "GET"
  },
  "model": "abuse.apiroute",
  "pk": 96
},
{
  "fields": {
    "endpoint": "report_views.add_report_tag",
    "method": "POST"
  },
  "model": "abuse.apiroute",
  "pk": 97
},
{
  "fields": {
    "endpoint": "ticket_views.add_ticket_tag",
    "method": "POST"
  },
  "model": "abuse.apiroute",
  "pk": 98
},
{
  "fields": {
    "endpoint": "ticket_views.get_jobs",
    "method": "GET"
  },
  "model": "abuse.apiroute",
  "pk": 99
},
{
  "fields": {
    "endpoint": "ticket_views.schedule_job",
    "method": "POST"
  },
  "model": "abuse.apiroute",
  "pk": 100
},
{
  "fields": {
    "endpoint": "report_views.get_raw_report",
    "method": "GET"
  },
  "model": "abuse.apiroute",
  "pk": 101
},
{
  "fields": {
    "endpoint": "threshold_views.get_threshold",
    "method": "GET"
  },
  "model": "abuse.apiroute",
  "pk": 102
},
{
  "fields": {
    "endpoint": "threshold_views.update_threshold",
    "method": "PUT"
  },
  "model": "abuse.apiroute",
  "pk": 103
},
{
  "fields": {
    "endpoint": "threshold_views.delete_threshold",
    "method": "DELETE"
  },
  "model": "abuse.apiroute",
  "pk": 104
},
{
  "fields": {
    "endpoint": "misc_views.get_ip_report_count",
    "method": "GET"
  },
  "model": "abuse.apiroute",
  "pk": 107
},
{
  "fields": {
    "endpoint": "email_templates_views.get_template",
    "method": "GET"
  },
  "model": "abuse.apiroute",
  "pk": 108
},
{
  "fields": {
    "endpoint": "email_templates_views.update_template",
    "method": "PUT"
  },
  "model": "abuse.apiroute",
  "pk": 109
},
{
  "fields": {
    "endpoint": "email_templates_views.update_template",
    "method": "DELETE"
  },
  "model": "abuse.apiroute",
  "pk": 110
},
{
  "fields": {
    "endpoint": "misc_views.update_ticket_resolution",
    "method": "PUT"
  },
  "model": "abuse.apiroute",
  "pk": 111
},
{
  "fields": {
    "endpoint": "misc_views.delete_ticket_resolution",
    "method": "DELETE"
  },
  "model": "abuse.apiroute",
  "pk": 112
},
{
  "fields": {
    "endpoint": "category_views.get_category",
    "method": "GET"
  },
  "model": "abuse.apiroute",
  "pk": 113
},
{
  "fields": {
    "endpoint": "category_views.update_category",
    "method": "PUT"
  },
  "model": "abuse.apiroute",
  "pk": 114
},
{
  "fields": {
    "endpoint": "category_views.delete_category",
    "method": "DELETE"
  },
  "model": "abuse.apiroute",
  "pk": 115
},
{
  "fields": {
    "endpoint": "defendant_views.get_defendant",
    "method": "GET"
  },
  "model": "abuse.apiroute",
  "pk": 116
},
{
  "fields": {
    "endpoint": "provider_views.update_provider",
    "method": "PUT"
  },
  "model": "abuse.apiroute",
  "pk": 117
},
{
  "fields": {
    "endpoint": "provider_views.update_provider",
    "method": "DELETE"
  },
  "model": "abuse.apiroute",
  "pk": 118
},
{
  "fields": {
    "endpoint": "preset_views.get_preset",
    "method": "GET"
  },
  "model": "abuse.apiroute",
  "pk": 119
},
{
  "fields": {
    "endpoint": "preset_views.update_preset",
    "method": "PUT"
  },
  "model": "abuse.apiroute",
  "pk": 120
},
{
  "fields": {
    "endpoint": "preset_views.delete_preset",
    "method": "DELETE"
  },
  "model": "abuse.apiroute",
  "pk": 121
},
{
  "fields": {
    "endpoint": "report_views.get_report",
    "method": "GET"
  },
  "model": "abuse.apiroute",
  "pk": 122
},
{
  "fields": {
    "endpoint": "report_views.update_report",
    "method": "PUT"
  },
  "model": "abuse.apiroute",
  "pk": 123
},
{
  "fields": {
    "endpoint": "report_views.update_report",
    "method": "DELETE"
  },
  "model": "abuse.apiroute",
  "pk": 124
},
{
  "fields": {
    "endpoint": "ticket_views.get_ticket",
    "method": "GET"
  },
  "model": "abuse.apiroute",
  "pk": 125
},
{
  "fields": {
    "endpoint": "ticket_views.update_ticket",
    "method": "PUT"
  },
  "model": "abuse.apiroute",
  "pk": 126
},
{
  "fields": {
    "endpoint": "misc_views.get_status",
    "method": "GET"
  },
  "model": "abuse.apiroute",
  "pk": 127
},
{
  "fields": {
    "endpoint": "misc_views.get_user",
    "method": "GET"
  },
  "model": "abuse.apiroute",
  "pk": 128
},
{
  "fields": {
    "endpoint": "misc_views.update_user",
    "method": "PUT"
  },
  "model": "abuse.apiroute",
  "pk": 129
},
{
  "fields": {
    "endpoint": "news_views.get_news",
    "method": "GET"
  },
  "model": "abuse.apiroute",
  "pk": 130
},
{
  "fields": {
    "endpoint": "news_views.update_news",
    "method": "PUT"
  },
  "model": "abuse.apiroute",
  "pk": 131
},
{
  "fields": {
    "endpoint": "news_views.delete_news",
    "method": "DELETE"
  },
  "model": "abuse.apiroute",
  "pk": 132
},
{
  "fields": {
    "endpoint": "tag_views.get_tag",
    "method": "GET"
  },
  "model": "abuse.apiroute",
  "pk": 133
},
{
  "fields": {
    "endpoint": "tag_views.update_tag",
    "method": "PUT"
  },
  "model": "abuse.apiroute",
  "pk": 134
},
{
  "fields": {
    "endpoint": "tag_views.delete_tag",
    "method": "DELETE"
  },
  "model": "abuse.apiroute",
  "pk": 135
},
{
  "fields": {
    "endpoint": "misc_views.get_cerberus_roles",
    "method": "GET"
  },
  "model": "abuse.apiroute",
  "pk": 136
},
{
  "fields": {
    "endpoint": "ticket_views.get_timeline",
    "method": "GET"
  },
  "model": "abuse.apiroute",
  "pk": 137
},
{
  "fields": {
    "endpoint": "ticket_views.unblock_ticket_item",
    "method": "POST"
  },
  "model": "abuse.apiroute",
  "pk": 138
},
{
  "fields": {
    "endpoint": "report_views.unblock_report_item",
    "method": "POST"
  },
  "model": "abuse.apiroute",
  "pk": 139
},
{
  "fields": {
    "endpoint": "ticket_views.get_ticket_attachment",
    "method": "GET"
  },
  "model": "abuse.apiroute",
  "pk": 140
},
{
  "fields": {
    "endpoint": "ticket_views.ticket_star_management",
    "method": "POST"
  },
  "model": "abuse.apiroute",
  "pk": 141
},
{
  "fields": {
    "endpoint": "ticket_views.ticket_star_management",
    "method": "DELETE"
  },
  "model": "abuse.apiroute",
  "pk": 142
},
{
  "fields": {
    "endpoint": "report_views.validate_report",
    "method": "POST"
  },
  "model": "abuse.apiroute",
  "pk": 143
},
{
  "fields": {
    "endpoint": "ticket_views.get_ticket_attachments",
    "method": "GET"
  },
  "model": "abuse.apiroute",
  "pk": 144
},
{
  "fields": {
    "codename": "run_level_1",
    "allowedRoutes": [
      144,  
      143,  
      142,
      141,
      140,
      139,
      138,
      133,
      130,
      137,
      136,
      25,
      27,
      21,
      22,
      23,
      29,
      4,
      122,
      123,
      125,
      126,
      127,
      128,
      55,
      54,
      56,
      51,
      53,
      52,
      89,
      113,
      82,
      83,
      119,
      87,
      84,
      85,
      3,
      108,
      102,
      101,
      107,
      39,
      38,
      33,
      31,
      30,
      37,
      36,
      34,
      61,
      62,
      63,
      64,
      65,
      66,
      67,
      68,
      69,
      2,
      6,
      99,
      91,
      90,
      93,
      92,
      95,
      94,
      96,
      10,
      13,
      15,
      17,
      16,
      19,
      18,
      116,
      49,
      47,
      44,
      42,
      43,
      1,
      5,
      74,
      73,
      72,
      71,
      70,
      79
    ],
    "modelsAuthorizations": "{\"report\":{\"fields\":[\"id\",\"category\",\"status\",\"defendant\"]},\"ticket\":{\"status\":[\"open\",\"unpaused\",\"waitinganswer\",\"reopened\",\"closed\",\"paused\"],\"unassignedOnAnswer\":true,\"fields\":[\"id\",\"escalated\",\"defendant\",\"category\",\"treatedBy\"],\"interact\":[\"pause_ticket\",\"waiting_answer\",\"close_with_resolution\"],\"schedulingAlgorithm\":\"LimitedOpenSchedulingAlgorithm\",\"unassignedOnMultipleAlarm\":true}}",
    "name": "RUN Level 1"
  },
  "model": "abuse.role",
  "pk": 1
},
{
  "fields": {
    "codename": "run_level_2",
    "allowedRoutes": [],
    "modelsAuthorizations": "{}",
    "name": "RUN Level 2"
  },
  "model": "abuse.role",
  "pk": 2
},
{
  "fields": {
    "codename": "run_level_3",
    "allowedRoutes": [
      144,  
      143,  
      142,
      141,
      140,
      139,
      138,
      133,
      132,
      131,
      130,
      137,
      136,
      135,
      134,
      41,
      24,
      25,
      26,
      27,
      20,
      21,
      22,
      23,
      28,
      29,
      4,
      8,
      120,
      121,
      122,
      123,
      124,
      125,
      126,
      127,
      128,
      129,
      59,
      58,
      55,
      54,
      57,
      56,
      51,
      50,
      53,
      52,
      115,
      114,
      88,
      89,
      111,
      110,
      113,
      112,
      82,
      83,
      80,
      81,
      119,
      118,
      84,
      85,
      3,
      7,
      108,
      109,
      102,
      103,
      100,
      101,
      107,
      104,
      39,
      38,
      33,
      32,
      31,
      30,
      37,
      36,
      35,
      34,
      60,
      61,
      62,
      63,
      64,
      65,
      66,
      67,
      68,
      69,
      2,
      6,
      99,
      98,
      91,
      90,
      93,
      92,
      95,
      94,
      97,
      96,
      11,
      10,
      13,
      12,
      15,
      14,
      17,
      16,
      19,
      18,
      117,
      116,
      48,
      49,
      46,
      86,
      44,
      45,
      42,
      43,
      87,
      1,
      5,
      9,
      77,
      76,
      75,
      74,
      73,
      72,
      71,
      70,
      79,
      78,
      47
    ],
    "modelsAuthorizations": "{\"report\":{\"fields\":[\"category\",\"status\",\"tags\",\"ticket\",\"defendant\",\"id\"]},\"ticket\":{\"status\":[\"open\",\"closed\",\"alarm\",\"waitinganswer\",\"reopened\",\"unpaused\",\"paused\"],\"fields\":[\"category\",\"pauseStart\",\"service\",\"escalated\",\"comments\",\"priority\",\"snoozeDuration\",\"defendant\",\"status\",\"jobs\",\"confidential\",\"tags\",\"update\",\"moderation\",\"snoozeStart\",\"level\",\"treatedBy\",\"alarm\",\"pauseDuration\",\"attachedReportsCount\",\"protected\",\"action\",\"resolution\"],\"interact\":[\"waiting_answer_then_action\",\"waiting_answer_then_action_and_close\",\"action_then_waiting_answer\",\"action_then_close\",\"waiting_answer\",\"close_with_resolution\",\"pause_ticket\"],\"schedulingAlgorithm\":\"GlobalSchedulingAlgorithm\",\"unassignedOnAnswer\":false}}",
    "name": "RUN Level 3"
  },
  "model": "abuse.role",
  "pk": 3
},
{
  "fields": {
    "codename": "admin",
    "allowedRoutes": [
      144,  
      143,  
      142,
      141,
      140,
      131,
      139,
      138,
      133,
      132,
      131,
      130,
      137,
      136,
      135,
      134,
      41,
      24,
      25,
      26,
      27,
      20,
      21,
      22,
      23,
      28,
      29,
      4,
      8,
      120,
      121,
      122,
      123,
      124,
      125,
      126,
      127,
      128,
      129,
      59,
      58,
      55,
      54,
      57,
      56,
      51,
      50,
      53,
      52,
      115,
      114,
      88,
      89,
      111,
      110,
      113,
      112,
      82,
      83,
      80,
      81,
      119,
      118,
      84,
      85,
      3,
      7,
      108,
      109,
      102,
      103,
      100,
      101,
      107,
      104,
      39,
      38,
      33,
      32,
      31,
      30,
      37,
      36,
      35,
      34,
      60,
      61,
      62,
      63,
      64,
      65,
      66,
      67,
      68,
      69,
      2,
      6,
      99,
      98,
      91,
      90,
      93,
      92,
      95,
      94,
      97,
      96,
      11,
      10,
      13,
      12,
      15,
      14,
      17,
      16,
      19,
      18,
      117,
      116,
      48,
      49,
      46,
      86,
      44,
      45,
      42,
      43,
      87,
      1,
      5,
      9,
      77,
      76,
      75,
      74,
      73,
      72,
      71,
      70,
      79,
      78,
      47
    ],
    "modelsAuthorizations": "{\"report\":{\"fields\":[\"category\",\"status\",\"tags\",\"ticket\",\"defendant\",\"id\"]},\"ticket\":{\"status\":[\"open\",\"closed\",\"alarm\",\"waitinganswer\",\"reopened\",\"unpaused\",\"paused\"],\"fields\":[\"category\",\"pauseStart\",\"service\",\"escalated\",\"comments\",\"priority\",\"snoozeDuration\",\"defendant\",\"status\",\"jobs\",\"confidential\",\"tags\",\"update\",\"moderation\",\"snoozeStart\",\"level\",\"treatedBy\",\"alarm\",\"pauseDuration\",\"attachedReportsCount\",\"protected\",\"action\",\"resolution\"],\"interact\":[\"waiting_answer_then_action\",\"waiting_answer_then_action_and_close\",\"action_then_waiting_answer\",\"action_then_close\",\"waiting_answer\",\"close_with_resolution\",\"pause_ticket\"],\"schedulingAlgorithm\":\"GlobalSchedulingAlgorithm\",\"unassignedOnAnswer\":false}}",
    "name": "Admin"
  },
  "model": "abuse.role",
  "pk": 4
},
{
  "fields": {
    "codename": "phishing:autoclosed",
    "level": 0,
    "name": "phishing:autoclosed",
    "tagType": "Ticket"
  },
  "model": "abuse.tag",
  "pk": 24
},
{
  "fields": {
    "codename": "phishing:autoreopened",
    "level": 0,
    "name": "phishing:autoreopened",
    "tagType": "Ticket"
  },
  "model": "abuse.tag",
  "pk": 25
},
{
  "fields": {
    "codename": "phishing:autoblocked",
    "level": 0,
    "name": "phishing:autoblocked",
    "tagType": "Report"
  },
  "model": "abuse.tag",
  "pk": 32
},
{
  "fields": {
    "codename": "distrust:0:autoarchive",
    "level": 0,
    "name": "distrust:0:autoarchive",
    "tagType": "Provider"
  },
  "model": "abuse.tag",
  "pk": 36
},
{
  "fields": {
    "codename": "distrust:1:attach_if_exists",
    "level": 0,
    "name": "distrust:1:attach_if_exists",
    "tagType": "Provider"
  },
  "model": "abuse.tag",
  "pk": 37
},
{
  "fields": {
    "codename": "phishing:toblock",
    "level": 0,
    "name": "phishing:toblock",
    "tagType": "Report"
  },
  "model": "abuse.tag",
  "pk": 46
},
{
  "fields": {
    "codename": "distrust:2:no_phishtocheck",
    "level": 0,
    "name": "distrust:2:no_phishtocheck",
    "tagType": "Provider"
  },
  "model": "abuse.tag",
  "pk": 65
},
{
  "fields": {
    "codename": "never_auto_ack",
    "level": 0,
    "name": "never_auto_ack",
    "tagType": "Provider"
  },
  "model": "abuse.tag",
  "pk": 66
},
{
  "fields": {
    "codename": "",
    "level": 0,
    "name": "copyright:autoclosed",
    "tagType": "Ticket"
  },
  "model": "abuse.tag",
  "pk": 67
},
{
  "fields": {
    "codename": "fixed_by_isp"
  },
  "model": "abuse.resolution",
  "pk": 9
},
{
  "fields": {
    "codename": "fixed_by_customer"
  },
  "model": "abuse.resolution",
  "pk": 10
},
{
  "fields": {
    "codename": "no_more_content"
  },
  "model": "abuse.resolution",
  "pk": 14
},
{
  "fields": {
    "codename": "invalid"
  },
  "model": "abuse.resolution",
  "pk": 17
},
{
  "fields": {
    "codename": "expired"
  },
  "model": "abuse.resolution",
  "pk": 18
},
{
  "fields": {
    "codename": "forward_acns"
  },
  "model": "abuse.resolution",
  "pk": 20
},
{
  "fields": {
    "name": "Read-only",
    "actions": [
      59
    ]
  },
  "model": "abuse.profile",
  "pk": 1
},
{
  "fields": {
    "name": "Beginner",
    "actions": [
      59
    ]
  },
  "model": "abuse.profile",
  "pk": 2
},
{
  "fields": {
    "name": "Advanced",
    "actions": [
      59
    ]
  },
  "model": "abuse.profile",
  "pk": 4
},
{
  "fields": {
    "name": "Expert",
    "actions": [
      59
    ]
  },
  "model": "abuse.profile",
  "pk": 5
},
{
  "fields": {
    "lang": "EN",
    "body": "Hello,\n\nThank you for taking the time to contact the {{ brand }} Abuse Team, this message confirms that we did receive your report, and created the Abuse Ticket #{{ publicId }} to reference it.\nAfter a careful examination of the elements you communicated to us, it appears that the abusive content your message is referring to is either no longer online, or not/no longer hosted on an IP of the {{ brand }} network.\nHence, your Abuse Ticket #{{ publicId }} is now closed.\n\nCordially,\n\nThe {{ brand }} Abuse team.",
    "name": "[plaintiff] NO_MORE_CONTENT",
    "codename": "no_more_content",
    "subject": "[Abuse #{{ publicId }}]",
    "recipientType": "Plaintiff"
  },
  "model": "abuse.mailtemplate",
  "pk": 35
},
{
  "fields": {
    "lang": "EN",
    "body": "Hello,\n\nYour abuse case #{{ publicId }} linked to the service {{ service }} is now closed.\n\nCordially,\n\nThe {{ brand }} Abuse Team",
    "name": "[customer-auto] TICKET_CLOSED",
    "codename": "ticket_closed",
    "subject": "[Abuse #{{ publicId }}]",
    "recipientType": "Defendant"
  },
  "model": "abuse.mailtemplate",
  "pk": 44
},
{
  "fields": {
    "lang": "EN",
    "body": "Hello,\n\nThank you for taking the time to contact the {{ brand }} Abuse Team, this message confirms that we did receive your report ...",
    "name": "[plaintiff] ACK_REPORT_RECEIVED",
    "codename": "ack_report_received",
    "subject": "[Abuse #{{ publicId }}]",
    "recipientType": "Plaintiff"
  },
  "model": "abuse.mailtemplate",
  "pk": 47
},
{
  "fields": {
    "lang": "EN",
    "body": "Hello,\n\nIt has been brought to our attention that you're hosting a phishing webpage on your service {{ service }} ...",
    "name": "[customer-auto] PHISHING_BLOCKED",
    "codename": "phishing_blocked",
    "subject": "[Abuse #{{ publicId }}]",
    "recipientType": "Defendant"
  },
  "model": "abuse.mailtemplate",
  "pk": 48
},
{
  "fields": {
    "lang": "EN",
    "body": "Hello,\n\nYou recently submitted a report which led to the opening of the Abuse Ticket #{{ publicId }}\n\nFor your information, this ticked has been resolved and is now closed.\n\nKind regards,\n\nThe {{ brand }} Abuse Team.",
    "name": "[plaintiff] CASE_CLOSED",
    "codename": "case_closed",
    "subject": "[Abuse #{{ publicId }}]",
    "recipientType": "Plaintiff"
  },
  "model": "abuse.mailtemplate",
  "pk": 50
},
{
  "fields": {
    "lang": "EN",
    "body": "Hello,\n\nDue to the absence of answer from your side, concerning the hosting of one or several phishing webpages that were previously reported ...",
    "name": "[customer-auto] PHISHING_SERVICE_BLOCKED",
    "codename": "phishing_service_blocked",
    "subject": "[Abuse #{{ publicId }}]",
    "recipientType": "Defendant"
  },
  "model": "abuse.mailtemplate",
  "pk": 51
},
{
  "fields": {
    "lang": "EN",
    "body": "Notification",
    "name": "[customer-auto] Customer nofitication",
    "codename": "customer_notification",
    "subject": "[Abuse #{{ publicId }}]",
    "recipientType": "Defendant"
  },
  "model": "abuse.mailtemplate",
  "pk": 52
},
{
  "fields": {
    "lang": "EN",
    "body": "Spamhaus delist request",
    "name": "[3rdparty] SPAMHAUS_DELIST",
    "codename": "spamhaus_delist",
    "subject": "Subject: ===SBL_Required_here===",
    "recipientType": "Other"
  },
  "model": "abuse.mailtemplate",
  "pk": 53
},
{
  "fields": {
    "codename": "resolution",
    "value": 12
  },
  "model": "abuse.ticketactionparams",
  "pk": 1
},
{
  "fields": {
    "codename": "resolution",
    "value": 10
  },
  "model": "abuse.ticketactionparams",
  "pk": 4
},
{
  "fields": {
    "codename": "resolution",
    "value": 11
  },
  "model": "abuse.ticketactionparams",
  "pk": 5
},
{
  "fields": {
    "codename": "resolution",
    "value": 9
  },
  "model": "abuse.ticketactionparams",
  "pk": 10
},
{
  "fields": {
    "codename": "resolution",
    "value": 17
  },
  "model": "abuse.ticketactionparams",
  "pk": 29
},
{
  "fields": {
    "codename": "resolution",
    "value": 18
  },
  "model": "abuse.ticketactionparams",
  "pk": 30
},
{
  "fields": {
    "codename": "snoozeDuration",
    "value": 1962000
  },
  "model": "abuse.ticketactionparams",
  "pk": 31
},
{
  "fields": {
    "codename": "pauseDuration",
    "value": 43200
  },
  "model": "abuse.ticketactionparams",
  "pk": 33
},
{
  "fields": {
    "codename": "close_with_resolution"
  },
  "model": "abuse.ticketaction",
  "pk": 1
},
{
  "fields": {
    "codename": "waiting_answer"
  },
  "model": "abuse.ticketaction",
  "pk": 2
},
{
  "fields": {
    "codename": "action_then_close"
  },
  "model": "abuse.ticketaction",
  "pk": 3
},
{
  "fields": {
    "codename": "action_then_waiting_answer"
  },
  "model": "abuse.ticketaction",
  "pk": 4
},
{
  "fields": {
    "codename": "waiting_answer_then_action"
  },
  "model": "abuse.ticketaction",
  "pk": 5
},
{
  "fields": {
    "codename": "pause_ticket"
  },
  "model": "abuse.ticketaction",
  "pk": 7
},
{
  "fields": {
    "codename": "waiting_answer_then_action_and_close"
  },
  "model": "abuse.ticketaction",
  "pk": 11
},
{
  "fields": {
    "action": 1,
    "params": [
      4
    ]
  },
  "model": "abuse.ticketworkflowpresetconfig",
  "pk": 31
},
{
  "fields": {
    "action": 1,
    "params": [
      1
    ]
  },
  "model": "abuse.ticketworkflowpresetconfig",
  "pk": 32
},
{
  "fields": {
    "action": 1,
    "params": [
      5
    ]
  },
  "model": "abuse.ticketworkflowpresetconfig",
  "pk": 34
},
{
  "fields": {
    "action": 1,
    "params": [
      4
    ]
  },
  "model": "abuse.ticketworkflowpresetconfig",
  "pk": 40
},
{
  "fields": {
    "action": 1,
    "params": [
      4
    ]
  },
  "model": "abuse.ticketworkflowpresetconfig",
  "pk": 46
},
{
  "fields": {
    "action": 1,
    "params": [
      10
    ]
  },
  "model": "abuse.ticketworkflowpresetconfig",
  "pk": 49
},
{
  "fields": {
    "action": 1,
    "params": [
      10
    ]
  },
  "model": "abuse.ticketworkflowpresetconfig",
  "pk": 84
},
{
  "fields": {
    "action": 1,
    "params": [
      10
    ]
  },
  "model": "abuse.ticketworkflowpresetconfig",
  "pk": 85
},
{
  "fields": {
    "action": 1,
    "params": [
      29
    ]
  },
  "model": "abuse.ticketworkflowpresetconfig",
  "pk": 86
},
{
  "fields": {
    "action": 1,
    "params": [
      30
    ]
  },
  "model": "abuse.ticketworkflowpresetconfig",
  "pk": 87
},
{
  "fields": {
    "action": 11,
    "params": [
      4,
      31
    ]
  },
  "model": "abuse.ticketworkflowpresetconfig",
  "pk": 88
},
{
  "fields": {
    "action": 11,
    "params": [
      4,
      31
    ]
  },
  "model": "abuse.ticketworkflowpresetconfig",
  "pk": 89
},
{
  "fields": {
    "action": 7,
    "params": [
      33
    ]
  },
  "model": "abuse.ticketworkflowpresetconfig",
  "pk": 91
},
{
  "fields": {
    "orderId": 2,
    "templates": [],
    "name": "Silent fixed",
    "roles": [],
    "codename": "silent_fixed",
    "config": 31,
    "groupId": 0
  },
  "model": "abuse.ticketworkflowpreset",
  "pk": 6
},
{
  "fields": {
    "orderId": 4,
    "templates": [],
    "name": "Silent invalid",
    "roles": [],
    "codename": "silent_invalid",
    "config": 86,
    "groupId": 0
  },
  "model": "abuse.ticketworkflowpreset",
  "pk": 7
},
{
  "fields": {
    "orderId": 5,
    "templates": [],
    "name": "Silent expire",
    "roles": [],
    "codename": "silent_expire",
    "config": 87,
    "groupId": 0
  },
  "model": "abuse.ticketworkflowpreset",
  "pk": 8
},
{
  "fields": {
    "orderId": 1,
    "templates": [
      44
    ],
    "name": "Thx & Close",
    "roles": [],
    "codename": "13._thanks_&_close",
    "config": 40,
    "groupId": 0
  },
  "model": "abuse.ticketworkflowpreset",
  "pk": 11
},
{
  "fields": {
    "orderId": 0,
    "templates": [
      44,
      50
    ],
    "name": "Thx & close +ack",
    "roles": [],
    "codename": "thx_&_close_+ack",
    "config": 46,
    "groupId": 0
  },
  "model": "abuse.ticketworkflowpreset",
  "pk": 15
},
{
  "fields": {
    "orderId": 3,
    "templates": [],
    "name": "SILENT FIX BY ISP",
    "roles": [],
    "codename": "silent_fix_isp",
    "config": 85,
    "groupId": 0
  },
  "model": "abuse.ticketworkflowpreset",
  "pk": 18
},
{
  "fields": {
    "orderId": 6,
    "templates": [
      53
    ],
    "name": "SBL Removal",
    "roles": [],
    "codename": "sbl_removal",
    "config": 91,
    "groupId": 0
  },
  "model": "abuse.ticketworkflowpreset",
  "pk": 19
},
{
  "fields": {
    "codename": "add_permission",
    "name": "Can add permission",
    "content_type": 1
  },
  "model": "auth.permission",
  "pk": 1
},
{
  "fields": {
    "codename": "change_permission",
    "name": "Can change permission",
    "content_type": 1
  },
  "model": "auth.permission",
  "pk": 2
},
{
  "fields": {
    "codename": "delete_permission",
    "name": "Can delete permission",
    "content_type": 1
  },
  "model": "auth.permission",
  "pk": 3
},
{
  "fields": {
    "codename": "add_group",
    "name": "Can add group",
    "content_type": 2
  },
  "model": "auth.permission",
  "pk": 4
},
{
  "fields": {
    "codename": "change_group",
    "name": "Can change group",
    "content_type": 2
  },
  "model": "auth.permission",
  "pk": 5
},
{
  "fields": {
    "codename": "delete_group",
    "name": "Can delete group",
    "content_type": 2
  },
  "model": "auth.permission",
  "pk": 6
},
{
  "fields": {
    "codename": "add_user",
    "name": "Can add user",
    "content_type": 3
  },
  "model": "auth.permission",
  "pk": 7
},
{
  "fields": {
    "codename": "change_user",
    "name": "Can change user",
    "content_type": 3
  },
  "model": "auth.permission",
  "pk": 8
},
{
  "fields": {
    "codename": "delete_user",
    "name": "Can delete user",
    "content_type": 3
  },
  "model": "auth.permission",
  "pk": 9
},
{
  "fields": {
    "codename": "add_contenttype",
    "name": "Can add content type",
    "content_type": 4
  },
  "model": "auth.permission",
  "pk": 10
},
{
  "fields": {
    "codename": "change_contenttype",
    "name": "Can change content type",
    "content_type": 4
  },
  "model": "auth.permission",
  "pk": 11
},
{
  "fields": {
    "codename": "delete_contenttype",
    "name": "Can delete content type",
    "content_type": 4
  },
  "model": "auth.permission",
  "pk": 12
},
{
  "fields": {
    "codename": "add_session",
    "name": "Can add session",
    "content_type": 5
  },
  "model": "auth.permission",
  "pk": 13
},
{
  "fields": {
    "codename": "change_session",
    "name": "Can change session",
    "content_type": 5
  },
  "model": "auth.permission",
  "pk": 14
},
{
  "fields": {
    "codename": "delete_session",
    "name": "Can delete session",
    "content_type": 5
  },
  "model": "auth.permission",
  "pk": 15
},
{
  "fields": {
    "codename": "add_serviceaction",
    "name": "Can add service action",
    "content_type": 6
  },
  "model": "auth.permission",
  "pk": 16
},
{
  "fields": {
    "codename": "change_serviceaction",
    "name": "Can change service action",
    "content_type": 6
  },
  "model": "auth.permission",
  "pk": 17
},
{
  "fields": {
    "codename": "delete_serviceaction",
    "name": "Can delete service action",
    "content_type": 6
  },
  "model": "auth.permission",
  "pk": 18
},
{
  "fields": {
    "codename": "add_serviceactionjob",
    "name": "Can add service action job",
    "content_type": 7
  },
  "model": "auth.permission",
  "pk": 19
},
{
  "fields": {
    "codename": "change_serviceactionjob",
    "name": "Can change service action job",
    "content_type": 7
  },
  "model": "auth.permission",
  "pk": 20
},
{
  "fields": {
    "codename": "delete_serviceactionjob",
    "name": "Can delete service action job",
    "content_type": 7
  },
  "model": "auth.permission",
  "pk": 21
},
{
  "fields": {
    "codename": "add_category",
    "name": "Can add category",
    "content_type": 8
  },
  "model": "auth.permission",
  "pk": 22
},
{
  "fields": {
    "codename": "change_category",
    "name": "Can change category",
    "content_type": 8
  },
  "model": "auth.permission",
  "pk": 23
},
{
  "fields": {
    "codename": "delete_category",
    "name": "Can delete category",
    "content_type": 8
  },
  "model": "auth.permission",
  "pk": 24
},
{
  "fields": {
    "codename": "add_apiroute",
    "name": "Can add api route",
    "content_type": 9
  },
  "model": "auth.permission",
  "pk": 25
},
{
  "fields": {
    "codename": "change_apiroute",
    "name": "Can change api route",
    "content_type": 9
  },
  "model": "auth.permission",
  "pk": 26
},
{
  "fields": {
    "codename": "delete_apiroute",
    "name": "Can delete api route",
    "content_type": 9
  },
  "model": "auth.permission",
  "pk": 27
},
{
  "fields": {
    "codename": "add_role",
    "name": "Can add role",
    "content_type": 10
  },
  "model": "auth.permission",
  "pk": 28
},
{
  "fields": {
    "codename": "change_role",
    "name": "Can change role",
    "content_type": 10
  },
  "model": "auth.permission",
  "pk": 29
},
{
  "fields": {
    "codename": "delete_role",
    "name": "Can delete role",
    "content_type": 10
  },
  "model": "auth.permission",
  "pk": 30
},
{
  "fields": {
    "codename": "add_operator",
    "name": "Can add operator",
    "content_type": 11
  },
  "model": "auth.permission",
  "pk": 31
},
{
  "fields": {
    "codename": "change_operator",
    "name": "Can change operator",
    "content_type": 11
  },
  "model": "auth.permission",
  "pk": 32
},
{
  "fields": {
    "codename": "delete_operator",
    "name": "Can delete operator",
    "content_type": 11
  },
  "model": "auth.permission",
  "pk": 33
},
{
  "fields": {
    "codename": "add_tag",
    "name": "Can add tag",
    "content_type": 12
  },
  "model": "auth.permission",
  "pk": 34
},
{
  "fields": {
    "codename": "change_tag",
    "name": "Can change tag",
    "content_type": 12
  },
  "model": "auth.permission",
  "pk": 35
},
{
  "fields": {
    "codename": "delete_tag",
    "name": "Can delete tag",
    "content_type": 12
  },
  "model": "auth.permission",
  "pk": 36
},
{
  "fields": {
    "codename": "add_emailfilter",
    "name": "Can add email filter",
    "content_type": 13
  },
  "model": "auth.permission",
  "pk": 37
},
{
  "fields": {
    "codename": "change_emailfilter",
    "name": "Can change email filter",
    "content_type": 13
  },
  "model": "auth.permission",
  "pk": 38
},
{
  "fields": {
    "codename": "delete_emailfilter",
    "name": "Can delete email filter",
    "content_type": 13
  },
  "model": "auth.permission",
  "pk": 39
},
{
  "fields": {
    "codename": "add_emailfiltertag",
    "name": "Can add email filter tag",
    "content_type": 14
  },
  "model": "auth.permission",
  "pk": 40
},
{
  "fields": {
    "codename": "change_emailfiltertag",
    "name": "Can change email filter tag",
    "content_type": 14
  },
  "model": "auth.permission",
  "pk": 41
},
{
  "fields": {
    "codename": "delete_emailfiltertag",
    "name": "Can delete email filter tag",
    "content_type": 14
  },
  "model": "auth.permission",
  "pk": 42
},
{
  "fields": {
    "codename": "add_defendantrevision",
    "name": "Can add defendant revision",
    "content_type": 15
  },
  "model": "auth.permission",
  "pk": 43
},
{
  "fields": {
    "codename": "change_defendantrevision",
    "name": "Can change defendant revision",
    "content_type": 15
  },
  "model": "auth.permission",
  "pk": 44
},
{
  "fields": {
    "codename": "delete_defendantrevision",
    "name": "Can delete defendant revision",
    "content_type": 15
  },
  "model": "auth.permission",
  "pk": 45
},
{
  "fields": {
    "codename": "add_defendant",
    "name": "Can add defendant",
    "content_type": 16
  },
  "model": "auth.permission",
  "pk": 46
},
{
  "fields": {
    "codename": "change_defendant",
    "name": "Can change defendant",
    "content_type": 16
  },
  "model": "auth.permission",
  "pk": 47
},
{
  "fields": {
    "codename": "delete_defendant",
    "name": "Can delete defendant",
    "content_type": 16
  },
  "model": "auth.permission",
  "pk": 48
},
{
  "fields": {
    "codename": "add_defendanthistory",
    "name": "Can add defendant history",
    "content_type": 17
  },
  "model": "auth.permission",
  "pk": 49
},
{
  "fields": {
    "codename": "change_defendanthistory",
    "name": "Can change defendant history",
    "content_type": 17
  },
  "model": "auth.permission",
  "pk": 50
},
{
  "fields": {
    "codename": "delete_defendanthistory",
    "name": "Can delete defendant history",
    "content_type": 17
  },
  "model": "auth.permission",
  "pk": 51
},
{
  "fields": {
    "codename": "add_plaintiff",
    "name": "Can add plaintiff",
    "content_type": 18
  },
  "model": "auth.permission",
  "pk": 52
},
{
  "fields": {
    "codename": "change_plaintiff",
    "name": "Can change plaintiff",
    "content_type": 18
  },
  "model": "auth.permission",
  "pk": 53
},
{
  "fields": {
    "codename": "delete_plaintiff",
    "name": "Can delete plaintiff",
    "content_type": 18
  },
  "model": "auth.permission",
  "pk": 54
},
{
  "fields": {
    "codename": "add_service",
    "name": "Can add service",
    "content_type": 19
  },
  "model": "auth.permission",
  "pk": 55
},
{
  "fields": {
    "codename": "change_service",
    "name": "Can change service",
    "content_type": 19
  },
  "model": "auth.permission",
  "pk": 56
},
{
  "fields": {
    "codename": "delete_service",
    "name": "Can delete service",
    "content_type": 19
  },
  "model": "auth.permission",
  "pk": 57
},
{
  "fields": {
    "codename": "add_resolution",
    "name": "Can add resolution",
    "content_type": 20
  },
  "model": "auth.permission",
  "pk": 58
},
{
  "fields": {
    "codename": "change_resolution",
    "name": "Can change resolution",
    "content_type": 20
  },
  "model": "auth.permission",
  "pk": 59
},
{
  "fields": {
    "codename": "delete_resolution",
    "name": "Can delete resolution",
    "content_type": 20
  },
  "model": "auth.permission",
  "pk": 60
},
{
  "fields": {
    "codename": "add_attacheddocument",
    "name": "Can add attached document",
    "content_type": 21
  },
  "model": "auth.permission",
  "pk": 61
},
{
  "fields": {
    "codename": "change_attacheddocument",
    "name": "Can change attached document",
    "content_type": 21
  },
  "model": "auth.permission",
  "pk": 62
},
{
  "fields": {
    "codename": "delete_attacheddocument",
    "name": "Can delete attached document",
    "content_type": 21
  },
  "model": "auth.permission",
  "pk": 63
},
{
  "fields": {
    "codename": "add_ticket",
    "name": "Can add ticket",
    "content_type": 22
  },
  "model": "auth.permission",
  "pk": 64
},
{
  "fields": {
    "codename": "change_ticket",
    "name": "Can change ticket",
    "content_type": 22
  },
  "model": "auth.permission",
  "pk": 65
},
{
  "fields": {
    "codename": "delete_ticket",
    "name": "Can delete ticket",
    "content_type": 22
  },
  "model": "auth.permission",
  "pk": 66
},
{
  "fields": {
    "codename": "add_provider",
    "name": "Can add provider",
    "content_type": 23
  },
  "model": "auth.permission",
  "pk": 67
},
{
  "fields": {
    "codename": "change_provider",
    "name": "Can change provider",
    "content_type": 23
  },
  "model": "auth.permission",
  "pk": 68
},
{
  "fields": {
    "codename": "delete_provider",
    "name": "Can delete provider",
    "content_type": 23
  },
  "model": "auth.permission",
  "pk": 69
},
{
  "fields": {
    "codename": "add_report",
    "name": "Can add report",
    "content_type": 24
  },
  "model": "auth.permission",
  "pk": 70
},
{
  "fields": {
    "codename": "change_report",
    "name": "Can change report",
    "content_type": 24
  },
  "model": "auth.permission",
  "pk": 71
},
{
  "fields": {
    "codename": "delete_report",
    "name": "Can delete report",
    "content_type": 24
  },
  "model": "auth.permission",
  "pk": 72
},
{
  "fields": {
    "codename": "add_reportitem",
    "name": "Can add report item",
    "content_type": 25
  },
  "model": "auth.permission",
  "pk": 73
},
{
  "fields": {
    "codename": "change_reportitem",
    "name": "Can change report item",
    "content_type": 25
  },
  "model": "auth.permission",
  "pk": 74
},
{
  "fields": {
    "codename": "delete_reportitem",
    "name": "Can delete report item",
    "content_type": 25
  },
  "model": "auth.permission",
  "pk": 75
},
{
  "fields": {
    "codename": "add_history",
    "name": "Can add history",
    "content_type": 26
  },
  "model": "auth.permission",
  "pk": 76
},
{
  "fields": {
    "codename": "change_history",
    "name": "Can change history",
    "content_type": 26
  },
  "model": "auth.permission",
  "pk": 77
},
{
  "fields": {
    "codename": "delete_history",
    "name": "Can delete history",
    "content_type": 26
  },
  "model": "auth.permission",
  "pk": 78
},
{
  "fields": {
    "codename": "add_comment",
    "name": "Can add comment",
    "content_type": 27
  },
  "model": "auth.permission",
  "pk": 79
},
{
  "fields": {
    "codename": "change_comment",
    "name": "Can change comment",
    "content_type": 27
  },
  "model": "auth.permission",
  "pk": 80
},
{
  "fields": {
    "codename": "delete_comment",
    "name": "Can delete comment",
    "content_type": 27
  },
  "model": "auth.permission",
  "pk": 81
},
{
  "fields": {
    "codename": "add_ticketcomment",
    "name": "Can add ticket comment",
    "content_type": 28
  },
  "model": "auth.permission",
  "pk": 82
},
{
  "fields": {
    "codename": "change_ticketcomment",
    "name": "Can change ticket comment",
    "content_type": 28
  },
  "model": "auth.permission",
  "pk": 83
},
{
  "fields": {
    "codename": "delete_ticketcomment",
    "name": "Can delete ticket comment",
    "content_type": 28
  },
  "model": "auth.permission",
  "pk": 84
},
{
  "fields": {
    "codename": "add_defendantcomment",
    "name": "Can add defendant comment",
    "content_type": 29
  },
  "model": "auth.permission",
  "pk": 85
},
{
  "fields": {
    "codename": "change_defendantcomment",
    "name": "Can change defendant comment",
    "content_type": 29
  },
  "model": "auth.permission",
  "pk": 86
},
{
  "fields": {
    "codename": "delete_defendantcomment",
    "name": "Can delete defendant comment",
    "content_type": 29
  },
  "model": "auth.permission",
  "pk": 87
},
{
  "fields": {
    "codename": "add_profile",
    "name": "Can add profile",
    "content_type": 30
  },
  "model": "auth.permission",
  "pk": 88
},
{
  "fields": {
    "codename": "change_profile",
    "name": "Can change profile",
    "content_type": 30
  },
  "model": "auth.permission",
  "pk": 89
},
{
  "fields": {
    "codename": "delete_profile",
    "name": "Can delete profile",
    "content_type": 30
  },
  "model": "auth.permission",
  "pk": 90
},
{
  "fields": {
    "codename": "add_abusepermission",
    "name": "Can add abuse permission",
    "content_type": 31
  },
  "model": "auth.permission",
  "pk": 91
},
{
  "fields": {
    "codename": "change_abusepermission",
    "name": "Can change abuse permission",
    "content_type": 31
  },
  "model": "auth.permission",
  "pk": 92
},
{
  "fields": {
    "codename": "delete_abusepermission",
    "name": "Can delete abuse permission",
    "content_type": 31
  },
  "model": "auth.permission",
  "pk": 93
},
{
  "fields": {
    "codename": "add_stat",
    "name": "Can add stat",
    "content_type": 32
  },
  "model": "auth.permission",
  "pk": 94
},
{
  "fields": {
    "codename": "change_stat",
    "name": "Can change stat",
    "content_type": 32
  },
  "model": "auth.permission",
  "pk": 95
},
{
  "fields": {
    "codename": "delete_stat",
    "name": "Can delete stat",
    "content_type": 32
  },
  "model": "auth.permission",
  "pk": 96
},
{
  "fields": {
    "codename": "add_news",
    "name": "Can add news",
    "content_type": 33
  },
  "model": "auth.permission",
  "pk": 97
},
{
  "fields": {
    "codename": "change_news",
    "name": "Can change news",
    "content_type": 33
  },
  "model": "auth.permission",
  "pk": 98
},
{
  "fields": {
    "codename": "delete_news",
    "name": "Can delete news",
    "content_type": 33
  },
  "model": "auth.permission",
  "pk": 99
},
{
  "fields": {
    "codename": "add_mailtemplate",
    "name": "Can add mail template",
    "content_type": 34
  },
  "model": "auth.permission",
  "pk": 100
},
{
  "fields": {
    "codename": "change_mailtemplate",
    "name": "Can change mail template",
    "content_type": 34
  },
  "model": "auth.permission",
  "pk": 101
},
{
  "fields": {
    "codename": "delete_mailtemplate",
    "name": "Can delete mail template",
    "content_type": 34
  },
  "model": "auth.permission",
  "pk": 102
},
{
  "fields": {
    "codename": "add_proof",
    "name": "Can add proof",
    "content_type": 35
  },
  "model": "auth.permission",
  "pk": 103
},
{
  "fields": {
    "codename": "change_proof",
    "name": "Can change proof",
    "content_type": 35
  },
  "model": "auth.permission",
  "pk": 104
},
{
  "fields": {
    "codename": "delete_proof",
    "name": "Can delete proof",
    "content_type": 35
  },
  "model": "auth.permission",
  "pk": 105
},
{
  "fields": {
    "codename": "add_urlstatus",
    "name": "Can add url status",
    "content_type": 36
  },
  "model": "auth.permission",
  "pk": 106
},
{
  "fields": {
    "codename": "change_urlstatus",
    "name": "Can change url status",
    "content_type": 36
  },
  "model": "auth.permission",
  "pk": 107
},
{
  "fields": {
    "codename": "delete_urlstatus",
    "name": "Can delete url status",
    "content_type": 36
  },
  "model": "auth.permission",
  "pk": 108
},
{
  "fields": {
    "codename": "add_ticketactionparams",
    "name": "Can add ticket action params",
    "content_type": 37
  },
  "model": "auth.permission",
  "pk": 109
},
{
  "fields": {
    "codename": "change_ticketactionparams",
    "name": "Can change ticket action params",
    "content_type": 37
  },
  "model": "auth.permission",
  "pk": 110
},
{
  "fields": {
    "codename": "delete_ticketactionparams",
    "name": "Can delete ticket action params",
    "content_type": 37
  },
  "model": "auth.permission",
  "pk": 111
},
{
  "fields": {
    "codename": "add_ticketaction",
    "name": "Can add ticket action",
    "content_type": 38
  },
  "model": "auth.permission",
  "pk": 112
},
{
  "fields": {
    "codename": "change_ticketaction",
    "name": "Can change ticket action",
    "content_type": 38
  },
  "model": "auth.permission",
  "pk": 113
},
{
  "fields": {
    "codename": "delete_ticketaction",
    "name": "Can delete ticket action",
    "content_type": 38
  },
  "model": "auth.permission",
  "pk": 114
},
{
  "fields": {
    "codename": "add_ticketworkflowpresetconfig",
    "name": "Can add ticket workflow preset config",
    "content_type": 39
  },
  "model": "auth.permission",
  "pk": 115
},
{
  "fields": {
    "codename": "change_ticketworkflowpresetconfig",
    "name": "Can change ticket workflow preset config",
    "content_type": 39
  },
  "model": "auth.permission",
  "pk": 116
},
{
  "fields": {
    "codename": "delete_ticketworkflowpresetconfig",
    "name": "Can delete ticket workflow preset config",
    "content_type": 39
  },
  "model": "auth.permission",
  "pk": 117
},
{
  "fields": {
    "codename": "add_ticketworkflowpreset",
    "name": "Can add ticket workflow preset",
    "content_type": 40
  },
  "model": "auth.permission",
  "pk": 118
},
{
  "fields": {
    "codename": "change_ticketworkflowpreset",
    "name": "Can change ticket workflow preset",
    "content_type": 40
  },
  "model": "auth.permission",
  "pk": 119
},
{
  "fields": {
    "codename": "delete_ticketworkflowpreset",
    "name": "Can delete ticket workflow preset",
    "content_type": 40
  },
  "model": "auth.permission",
  "pk": 120
},
{
  "fields": {
    "codename": "add_itemscreenshotfeedback",
    "name": "Can add item screenshot feedback",
    "content_type": 41
  },
  "model": "auth.permission",
  "pk": 121
},
{
  "fields": {
    "codename": "change_itemscreenshotfeedback",
    "name": "Can change item screenshot feedback",
    "content_type": 41
  },
  "model": "auth.permission",
  "pk": 122
},
{
  "fields": {
    "codename": "delete_itemscreenshotfeedback",
    "name": "Can delete item screenshot feedback",
    "content_type": 41
  },
  "model": "auth.permission",
  "pk": 123
},
{
  "fields": {
    "codename": "add_contactedprovider",
    "name": "Can add contacted provider",
    "content_type": 42
  },
  "model": "auth.permission",
  "pk": 124
},
{
  "fields": {
    "codename": "change_contactedprovider",
    "name": "Can change contacted provider",
    "content_type": 42
  },
  "model": "auth.permission",
  "pk": 125
},
{
  "fields": {
    "codename": "delete_contactedprovider",
    "name": "Can delete contacted provider",
    "content_type": 42
  },
  "model": "auth.permission",
  "pk": 126
},
{
  "fields": {
    "codename": "add_reportthreshold",
    "name": "Can add report threshold",
    "content_type": 43
  },
  "model": "auth.permission",
  "pk": 127
},
{
  "fields": {
    "codename": "change_reportthreshold",
    "name": "Can change report threshold",
    "content_type": 43
  },
  "model": "auth.permission",
  "pk": 128
},
{
  "fields": {
    "codename": "delete_reportthreshold",
    "name": "Can delete report threshold",
    "content_type": 43
  },
  "model": "auth.permission",
  "pk": 129
},
{
  "fields": {
    "codename": "add_masscontact",
    "name": "Can add mass contact",
    "content_type": 44
  },
  "model": "auth.permission",
  "pk": 130
},
{
  "fields": {
    "codename": "change_masscontact",
    "name": "Can change mass contact",
    "content_type": 44
  },
  "model": "auth.permission",
  "pk": 131
},
{
  "fields": {
    "codename": "delete_masscontact",
    "name": "Can delete mass contact",
    "content_type": 44
  },
  "model": "auth.permission",
  "pk": 132
},
{
  "fields": {
    "codename": "add_masscontactresult",
    "name": "Can add mass contact result",
    "content_type": 45
  },
  "model": "auth.permission",
  "pk": 133
},
{
  "fields": {
    "codename": "change_masscontactresult",
    "name": "Can change mass contact result",
    "content_type": 45
  },
  "model": "auth.permission",
  "pk": 134
},
{
  "fields": {
    "codename": "delete_masscontactresult",
    "name": "Can delete mass contact result",
    "content_type": 45
  },
  "model": "auth.permission",
  "pk": 135
},
{
  "fields": {
    "username": "abuse.robot",
    "first_name": "",
    "last_name": "",
    "is_active": true,
    "is_superuser": false,
    "is_staff": true,
    "last_login": "2016-02-03T15:05:54.467",
    "groups": [],
    "user_permissions": [],
    "password": "",
    "email": "",
    "date_joined": "2016-02-03T15:05:54.467"
  },
  "model": "auth.user",
  "pk": 43
},
{
  "fields": {
    "username": "admin",
    "first_name": "",
    "last_name": "",
    "is_active": true,
    "is_superuser": true,
    "is_staff": true,
    "last_login": "2016-10-06T15:26:57.878",
    "groups": [],
    "user_permissions": [],
    "password": "pbkdf2_sha256$15000$DMjBCuVedIxb$w8BWE6yTiq193tkHTK+kSyep7hc33p7BTHN+ZG7o9Cw=",
    "email": "",
    "date_joined": "2016-02-03T15:06:25.765"
  },
  "model": "auth.user",
  "pk": 46
},
{
  "fields": {
    "username": "user",
    "first_name": "",
    "last_name": "",
    "is_active": true,
    "is_superuser": false,
    "is_staff": true,
    "last_login": "1970-01-01T01:00:00",
    "groups": [],
    "user_permissions": [],
    "password": "pbkdf2_sha256$12000$3OngZs3XKxyC$yv1U8vOgBmExcMvF8OOhpfEsZRIU3H0lHKvlgnYxduw=",
    "email": "",
    "date_joined": "2016-02-03T15:06:10.516"
  },
  "model": "auth.user",
  "pk": 47
},
{
  "fields": {
    "role": 4,
    "user": 46
  },
  "model": "abuse.operator",
  "pk": 1
},
{
  "fields": {
    "role": 1,
    "user": 47
  },
  "model": "abuse.operator",
  "pk": 2
},
{
  "fields": {
    "category": "Copyright",
    "profile": 5,
    "user": 46
  },
  "model": "abuse.abusepermission",
  "pk": 1
},
{
  "fields": {
    "category": "Illegal",
    "profile": 5,
    "user": 46
  },
  "model": "abuse.abusepermission",
  "pk": 2
},
{
  "fields": {
    "category": "Intrusion",
    "profile": 5,
    "user": 46
  },
  "model": "abuse.abusepermission",
  "pk": 3
},
{
  "fields": {
    "category": "Malware",
    "profile": 5,
    "user": 46
  },
  "model": "abuse.abusepermission",
  "pk": 4
},
{
  "fields": {
    "category": "Network Attack",
    "profile": 5,
    "user": 46
  },
  "model": "abuse.abusepermission",
  "pk": 5
},
{
  "fields": {
    "category": "Other",
    "profile": 5,
    "user": 46
  },
  "model": "abuse.abusepermission",
  "pk": 6
},
{
  "fields": {
    "category": "Phishing",
    "profile": 5,
    "user": 46
  },
  "model": "abuse.abusepermission",
  "pk": 7
},
{
  "fields": {
    "category": "Spam",
    "profile": 5,
    "user": 46
  },
  "model": "abuse.abusepermission",
  "pk": 8
},
{
  "fields": {
    "category": "Copyright",
    "profile": 2,
    "user": 47
  },
  "model": "abuse.abusepermission",
  "pk": 9
},
{
  "fields": {
    "category": "Illegal",
    "profile": 2,
    "user": 47
  },
  "model": "abuse.abusepermission",
  "pk": 10
},
{
  "fields": {
    "category": "Intrusion",
    "profile": 2,
    "user": 47
  },
  "model": "abuse.abusepermission",
  "pk": 11
},
{
  "fields": {
    "category": "Malware",
    "profile": 2,
    "user": 47
  },
  "model": "abuse.abusepermission",
  "pk": 12
},
{
  "fields": {
    "category": "Network Attack",
    "profile": 2,
    "user": 47
  },
  "model": "abuse.abusepermission",
  "pk": 13
},
{
  "fields": {
    "category": "Other",
    "profile": 2,
    "user": 47
  },
  "model": "abuse.abusepermission",
  "pk": 14
},
{
  "fields": {
    "category": "Phishing",
    "profile": 2,
    "user": 47
  },
  "model": "abuse.abusepermission",
  "pk": 15
},
{
  "fields": {
    "category": "Spam",
    "profile": 2,
    "user": 47
  },
  "model": "abuse.abusepermission",
  "pk": 16
}
]
